nrounds,max_depth,eta,gamma,colsample_bytree,min_child_weight,subsample,nthread
19,7,0.05,2.459992195518124,0.6508254824041534,1.180837557101514,0.7728659146873371,4
