nrounds,max_depth,eta,gamma,colsample_bytree,min_child_weight,subsample,nthread
2889,9,0.05,0.7200287425200412,0.5097488381974904,0.13481187089550334,0.9385707007045188,4
