nrounds,max_depth,eta,gamma,colsample_bytree,min_child_weight,subsample,nthread
2686,6,0.05,9.88105019558993,0.37231264277686293,14.4729520345765,0.6856184369894214,4
