nrounds,max_depth,eta,gamma,colsample_bytree,min_child_weight,subsample,nthread
85,11,0.05,0.46910684977081435,0.61755168250154,0.07114597678097903,0.9228609884735767,4
