nrounds,max_depth,eta,gamma,colsample_bytree,min_child_weight,subsample,nthread
853,1,0.05,0.5897553690393103,0.32173768674224834,1.6865943582150646,0.31392437972624065,4
